{
  "eye": {
    "orientation": [
      5.378292371460702E-7,
      -3.781187160711852E-6,
      4.6285433086268313E-7,
      1
    ],
    "magnitude": 1,
    "position": [
      699.9922485351562,
      449.99884033203125,
      1176.199462890625
    ]
  },
  "radius": 845.5767211914062,
  "type": "PERSPECTIVE"
}